Frame;Time;HeadPosition_x;HeadPosition_y;HeadPosition_z;HeadRotation_x;HeadRotation_y;HeadRotation_z;HandDetectedR;HighConfidenceR;RHandPosition_x;RHandPosition_y;RHandPosition_z;RHandRotation_x;RHandRotation_y;RHandRotation_z;RHandVelocity_x;RHandVelocity_y;RHandVelocity_z;RWristTwist;HandDetectedL;HighConfidenceL;LHandPosition_x;LHandPosition_y;LHandPosition_z;LHandRotation_x;LHandRotation_y;LHandRotation_z;LHandVelocity_x;LHandVelocity_y;LHandVelocity_z;LWristTwist
5445;0.3289564;14.9726;1.7291;1.3538;350.8022;357.1944;357.0855;True;True;1.6679;1.3025;-0.7158;1.6333;102.7591;20.7666;1.0778;-0.7447;-2.2002;0.0000;True;True;1.5552;1.3423;-0.1784;356.4354;82.6458;46.6400;0.2106;-0.2390;0.1415;0.0000;
5450;0.4205571;14.9719;1.7276;1.3608;350.6933;356.8047;357.7734;True;True;1.6897;1.2806;-0.7770;355.2846;107.4221;37.8738;0.7518;-1.0634;-2.5095;0.0000;True;True;1.5620;1.3356;-0.1743;357.5727;82.3898;44.7623;0.2279;-0.1882;0.1856;0.0000;
5455;0.5001942;14.9759;1.7255;1.3698;349.8700;355.9683;358.1409;True;True;1.6994;1.2610;-0.8329;350.3080;106.9398;55.9558;0.3156;-0.7457;-2.1666;0.0000;True;True;1.5672;1.3326;-0.1728;357.2871;80.5854;45.0183;0.1869;-0.0635;-0.0420;0.0000;
5460;0.5759479;14.9824;1.7221;1.3801;350.0168;353.6961;359.0788;True;True;1.7065;1.2547;-0.8644;0.0054;111.3574;43.6647;0.1284;-0.1092;-0.1228;0.0000;True;True;1.5715;1.3293;-0.1756;355.3155;78.6324;44.5247;0.2064;-0.2148;-0.1020;0.0000;
5465;0.6473728;14.9866;1.7227;1.3940;350.8339;348.9960;359.7956;True;True;1.7126;1.2570;-0.8386;4.9247;101.7807;42.2581;0.3669;0.2995;1.1481;0.0000;True;True;1.5785;1.3219;-0.1794;356.9590;74.1522;47.6808;0.2668;-0.2368;-0.2874;0.0000;
5470;0.7183313;14.9923;1.7191;1.4084;352.0466;344.9489;0.4654;True;True;1.7216;1.2683;-0.8052;9.6294;95.2652;27.8286;0.3110;0.4584;1.5302;0.0000;True;True;1.5845;1.3199;-0.1927;355.6664;72.4882;49.2027;0.3175;-0.0738;-0.6355;0.0000;
5475;0.7886833;14.9999;1.7165;1.4213;352.4712;342.2810;1.0780;True;True;1.7304;1.2731;-0.7632;13.2409;86.8367;20.8080;0.3480;0.0228;1.6267;0.0000;True;True;1.5989;1.3144;-0.2038;356.2040;71.2030;47.1525;0.5797;-0.2306;-0.3866;0.0000;
5480;0.8585349;15.0063;1.7171;1.4332;352.9588;340.4204;1.3162;True;True;1.7363;1.2760;-0.7168;15.0042;79.9983;20.1374;0.1244;0.2456;1.9148;0.0000;True;True;1.6150;1.3110;-0.2118;358.2788;69.8861;50.4578;0.5983;-0.0604;-0.4203;0.0000;
5485;0.9280804;15.0088;1.7186;1.4434;353.1106;337.8098;1.8104;True;True;1.7450;1.2862;-0.6802;14.1887;74.1592;15.9562;0.2802;0.5459;1.4542;0.0000;True;True;1.6279;1.3124;-0.2221;359.7441;70.2178;48.8676;0.4859;0.0706;-0.3486;0.0000;
5490;0.9976802;15.0062;1.7152;1.4511;353.9515;335.1024;2.1054;True;True;1.7527;1.2961;-0.6482;13.2000;68.0884;13.9460;0.3354;0.2613;1.2632;0.0000;True;True;1.6346;1.3158;-0.2211;0.2285;70.5976;47.0563;0.1767;0.1425;0.2957;0.0000;
5495;1.067424;14.9984;1.7125;1.4562;354.7249;333.1935;1.5367;True;True;1.7594;1.3057;-0.6220;9.8537;66.2882;15.9180;0.2840;0.3481;0.9919;0.0000;True;True;1.6341;1.3201;-0.2058;359.6142;67.8299;44.1177;-0.1118;0.1033;0.8240;0.0000;
5500;1.136855;14.9868;1.7119;1.4586;355.2993;332.0451;1.0975;True;True;1.7649;1.3108;-0.5971;9.5735;64.8818;15.0194;0.1462;0.3389;0.9992;0.0000;True;True;1.6337;1.3225;-0.1816;0.8660;66.4760;44.1481;-0.0864;0.1761;0.9984;0.0000;
5505;1.206756;14.9730;1.7144;1.4602;355.6522;331.3545;0.5651;True;True;1.7659;1.3135;-0.5747;7.4744;65.6228;13.1497;-0.0436;-0.0723;0.9015;0.0000;True;True;1.6338;1.3277;-0.1552;2.2208;64.6832;40.4316;0.0442;0.2504;1.0885;0.0000;
5510;1.276283;14.9602;1.7135;1.4608;355.9977;331.0731;0.5612;True;True;1.7552;1.3118;-0.5480;6.8905;62.4515;13.3352;-0.5110;-0.1326;1.0609;0.0000;True;True;1.6326;1.3376;-0.1301;0.7064;62.6360;35.9049;0.0162;0.4481;0.8555;0.0000;
5515;1.345765;14.9501;1.7105;1.4621;356.9016;331.5959;359.9766;True;True;1.7515;1.3130;-0.5292;3.6048;63.8609;15.9666;0.0791;0.2743;0.6023;0.0000;True;True;1.6310;1.3478;-0.1101;358.7204;60.9972;31.5820;-0.1020;0.3659;0.7491;0.0000;
5520;1.415421;14.9436;1.7071;1.4654;358.2013;332.3715;359.3065;True;True;1.7514;1.3183;-0.5146;344.7461;74.7004;30.3697;0.1446;-0.0126;0.5689;0.0000;True;True;1.6269;1.3527;-0.0933;357.7117;58.6206;31.5866;-0.1304;0.0387;0.6429;0.0000;
5525;1.484906;14.9402;1.7044;1.4745;358.8803;333.9096;358.5038;True;True;1.7560;1.3168;-0.5088;334.2833;88.0541;28.7568;0.1016;-0.2674;0.3747;0.0000;True;True;1.6220;1.3483;-0.0798;358.7791;57.1961;31.9206;-0.2495;-0.2777;0.4972;0.0000;
5530;1.554687;14.9401;1.7012;1.4885;359.7337;334.8572;358.0653;True;True;1.7611;1.3092;-0.5043;333.1864;92.3424;23.5187;0.2762;-0.3399;0.1012;0.0000;True;True;1.6154;1.3370;-0.0684;0.9204;56.2791;31.4022;-0.3279;-0.5023;0.4127;0.0000;
5535;1.624671;14.9462;1.6949;1.5073;1.7731;335.4601;357.8173;True;True;1.7785;1.2983;-0.5044;333.7707;95.6428;19.3498;1.0019;-0.5276;-0.1559;0.0000;True;True;1.6059;1.3225;-0.0576;2.8405;53.3579;30.0890;-0.3908;-0.6866;0.4274;0.0000;
5540;1.694235;14.9591;1.6867;1.5351;3.7398;336.6568;357.4870;True;True;1.8160;1.2774;-0.5078;335.9606;98.5074;17.7456;1.8526;-0.9786;-0.3579;0.0000;True;True;1.5934;1.3049;-0.0500;5.1774;48.0464;29.1097;-0.5396;-0.7534;0.2145;0.0000;
5545;1.763809;14.9802;1.6742;1.5706;5.7075;338.3155;357.2118;True;True;1.8783;1.2488;-0.5211;341.7267;103.4061;11.7338;2.7621;-0.9153;-0.6216;0.0000;True;True;1.5807;1.2839;-0.0521;6.7742;42.1643;29.6368;-0.4578;-0.9442;-0.3014;0.0000;
5550;1.833669;15.0034;1.6644;1.6194;8.3361;340.2323;357.0578;True;True;1.9580;1.2320;-0.5422;337.7018;112.2683;8.3390;3.8795;-0.6865;-1.1778;0.0000;True;True;1.5691;1.2592;-0.0669;10.4246;35.4269;29.4010;-0.4147;-1.0213;-0.7105;0.0000;
5555;1.903042;15.0282;1.6522;1.6741;9.8780;343.2378;356.9101;True;True;2.0747;1.2131;-0.5852;341.3635;130.5034;0.0494;4.6641;-0.2630;-2.0873;0.0000;True;True;1.5602;1.2348;-0.0925;16.4712;29.3283;29.8278;-0.2170;-0.8437;-1.0941;0.0000;
5560;1.972848;15.0499;1.6351;1.7154;12.5483;346.3709;357.5945;True;True;2.2140;1.2415;-0.5892;339.7432;147.8758;357.5936;9.5190;3.4348;2.5399;0.0000;True;True;1.5577;1.2234;-0.1211;19.1526;26.0344;22.9309;-0.0366;-0.5174;-1.4681;0.0000;
5565;2.049908;15.0586;1.6280;1.7442;12.9791;346.1895;357.4629;True;True;2.2652;1.3284;-0.5620;352.7223;140.7709;2.1065;0.0196;3.9568;1.0710;0.0000;True;True;1.5513;1.2297;-0.1253;19.8481;24.7421;21.2620;-0.4111;0.4867;0.1391;0.0000;
5570;2.123006;15.0492;1.6370;1.7370;13.1447;343.6424;356.0051;True;True;2.2350;1.3809;-0.5619;336.2762;138.5024;357.7715;-1.2733;1.4097;-0.3044;0.0000;True;True;1.5449;1.2484;-0.1208;19.9478;25.7341;25.3357;-0.0536;1.0511;0.2079;0.0000;
5575;2.194165;15.0256;1.6620;1.7095;7.2456;337.5893;355.3929;True;True;2.1889;1.4025;-0.5919;335.4917;133.4398;355.9821;-2.1913;0.8147;-1.4975;0.0000;True;True;1.5441;1.2758;-0.1059;14.2437;29.3944;24.4372;-0.0768;1.1450;0.9750;0.0000;
5580;2.264005;14.9965;1.6784;1.6712;1.3199;331.0518;356.4448;True;True;2.1214;1.4245;-0.6215;338.4761;135.4997;347.7921;-3.0090;1.0215;-0.2813;0.0000;True;True;1.5495;1.3124;-0.0752;7.7144;32.0193;25.0803;0.3812;1.7612;1.3855;0.0000;
5585;2.333832;14.9593;1.6817;1.6418;0.7820;327.9610;355.5462;True;True;2.0410;1.4434;-0.6135;329.1656;131.8243;353.0778;-3.4666;0.3859;0.7946;0.0000;True;True;1.5703;1.3650;-0.0430;358.5456;34.3650;18.8759;1.2027;2.1797;1.1016;0.0000;
5590;2.403058;14.9329;1.6874;1.6098;0.3262;327.9901;355.2625;True;True;1.9668;1.4424;-0.5796;330.8133;118.8584;355.2273;-3.0099;-0.0325;1.4989;0.0000;True;True;1.5903;1.4199;-0.0198;348.4025;37.5327;15.6901;0.4715;1.9551;0.9531;0.0000;
5595;2.473172;14.9142;1.6933;1.5837;359.9161;329.5541;355.9875;True;True;1.9034;1.4433;-0.5460;327.9836;114.5026;358.5211;-1.9040;0.1179;1.1564;0.0000;True;True;1.5947;1.4561;0.0042;344.2517;39.4544;20.6335;0.2514;1.1903;0.7404;0.0000;
5600;2.542799;14.9028;1.6987;1.5655;359.9775;331.3457;356.9472;True;True;1.8700;1.4517;-0.5319;327.5228;118.2306;353.9421;-0.6931;0.2668;0.4290;0.0000;True;True;1.5989;1.4807;0.0135;339.7857;41.0918;17.9832;0.1254;0.8162;0.2730;0.0000;
5605;2.613109;14.8986;1.7023;1.5547;359.2949;332.9631;357.2474;True;True;1.8610;1.4629;-0.5171;324.3728;116.5934;358.4103;-0.4190;0.4790;0.4211;0.0000;True;True;1.6004;1.4969;0.0185;337.8763;42.8917;19.4588;0.0183;0.6107;0.1178;0.0000;
5610;2.682609;14.9016;1.7028;1.5497;359.1649;335.6233;357.6440;True;True;1.8629;1.4752;-0.5204;324.1342;115.4024;357.8230;0.2612;0.5075;-0.3426;0.0000;True;True;1.6040;1.5096;0.0204;335.0070;43.2258;17.2281;0.0698;0.4922;0.0577;0.0000;
5615;2.752753;14.9075;1.7012;1.5479;359.4043;336.6538;358.7242;True;True;1.8692;1.4900;-0.5312;322.4975;115.1257;358.0197;0.2967;0.5906;-0.5249;0.0000;True;True;1.6047;1.5190;0.0190;333.6460;42.7476;18.2365;-0.0073;0.2619;-0.1832;0.0000;
5620;2.822365;14.9149;1.7038;1.5495;359.2091;336.7738;358.9926;True;True;1.8783;1.5033;-0.5430;321.2451;117.1545;358.9063;0.2887;0.5140;-0.3530;0.0000;True;True;1.6048;1.5210;0.0140;333.1908;41.0956;19.1127;0.0806;-0.0080;-0.2462;0.0000;
5625;2.891927;14.9224;1.7050;1.5514;358.4038;336.3783;358.8741;True;True;1.8838;1.5135;-0.5510;320.6652;117.0755;359.0448;0.0516;0.4006;-0.2701;0.0000;True;True;1.6073;1.5213;0.0077;333.2730;41.6863;18.3002;0.0338;-0.0051;-0.2269;0.0000;
5630;2.961274;14.9283;1.7053;1.5527;358.3691;335.8417;358.6938;True;True;1.8860;1.5206;-0.5567;318.6772;117.6152;358.8550;0.1576;0.2096;-0.2241;0.0000;True;True;1.6112;1.5213;0.0035;334.0580;41.3256;18.9107;0.1528;-0.0006;-0.1974;0.0000;
5635;3.030879;14.9326;1.7053;1.5537;358.3447;335.6183;358.7539;True;True;1.8898;1.5229;-0.5611;318.5773;117.9384;358.7061;0.1103;0.0525;-0.0559;0.0000;True;True;1.6154;1.5213;-0.0029;334.5137;41.9108;18.6986;0.1332;0.0335;-0.2997;0.0000;
5640;3.100452;14.9357;1.7052;1.5541;358.3087;335.3568;359.1139;True;True;1.8964;1.5239;-0.5624;319.4734;116.8139;359.7833;0.2630;0.0293;-0.0684;0.0000;True;True;1.6170;1.5247;-0.0098;333.6201;41.5518;17.3744;0.0683;0.1990;-0.2408;0.0000;
5645;3.170254;14.9389;1.7051;1.5535;358.2907;335.2378;359.3463;True;True;1.8984;1.5267;-0.5612;318.0115;116.7943;0.8774;-0.0048;0.1891;0.0824;0.0000;True;True;1.6193;1.5324;-0.0170;332.7952;42.3217;17.3711;0.1142;0.3540;-0.3203;0.0000;
5650;3.239949;14.9424;1.7050;1.5524;358.4183;335.3486;359.2320;True;True;1.8972;1.5322;-0.5631;317.2900;117.0527;0.2329;-0.0549;0.2313;-0.1518;0.0000;True;True;1.6231;1.5412;-0.0240;332.2327;42.7898;17.6508;0.1700;0.3343;-0.3173;0.0000;
5655;3.30999;14.9454;1.7048;1.5504;358.5960;335.4576;359.0981;True;True;1.8970;1.5370;-0.5675;317.7237;117.8653;358.5968;0.0409;0.1570;-0.2106;0.0000;True;True;1.6258;1.5506;-0.0339;330.3861;43.7783;16.7558;0.0811;0.3309;-0.3674;0.0000;
5660;3.379738;14.9474;1.7048;1.5478;358.5411;335.1665;359.0412;True;True;1.8947;1.5415;-0.5712;316.9657;119.2568;358.0565;-0.0826;0.1809;-0.0876;0.0000;True;True;1.6275;1.5583;-0.0432;328.0327;44.9653;15.8139;0.0954;0.2626;-0.3563;0.0000;
5665;3.448877;14.9490;1.7044;1.5450;358.6001;334.7416;359.1262;True;True;1.8939;1.5454;-0.5748;316.6622;119.7833;357.7790;-0.0669;0.1378;-0.1712;0.0000;True;True;1.6302;1.5638;-0.0503;327.4041;44.6254;14.5649;0.0452;0.3120;-0.2419;0.0000;
5670;3.518414;14.9504;1.7042;1.5427;358.6675;334.6565;358.9800;True;True;1.8944;1.5500;-0.5776;316.4882;120.2981;357.0038;0.0280;0.1969;-0.0911;0.0000;True;True;1.6339;1.5690;-0.0565;326.0701;44.9121;15.8043;0.1418;0.1797;-0.2053;0.0000;
5675;3.588276;14.9520;1.7042;1.5413;358.5245;335.0723;359.0419;True;True;1.8937;1.5563;-0.5811;315.9405;121.1649;356.1423;-0.0684;0.2687;-0.2002;0.0000;True;True;1.6378;1.5753;-0.0630;324.9163;45.1145;16.8369;0.2140;0.2647;-0.3014;0.0000;
5680;3.658048;14.9536;1.7044;1.5408;358.3695;335.3774;359.2187;True;True;1.8920;1.5627;-0.5844;315.1353;122.1245;355.4921;-0.0719;0.2474;-0.1139;0.0000;True;True;1.6440;1.5821;-0.0701;323.4761;45.7087;14.9708;0.1982;0.2730;-0.2348;0.0000;
5685;3.727545;14.9553;1.7045;1.5414;358.1428;335.2848;359.3591;True;True;1.8910;1.5684;-0.5900;313.8298;123.4762;354.6199;0.0257;0.2462;-0.2768;0.0000;True;True;1.6497;1.5894;-0.0749;322.6092;46.6732;15.7098;0.2493;0.3423;-0.1908;0.0000;
5690;3.79738;14.9576;1.7041;1.5439;358.0139;334.7622;359.4702;True;True;1.8939;1.5798;-0.5975;312.7216;123.3619;355.3887;0.0529;0.7034;-0.3649;0.0000;True;True;1.6535;1.6018;-0.0786;319.3489;45.3755;12.2918;0.0660;0.6331;-0.1015;0.0000;
5695;3.867158;14.9612;1.7035;1.5489;357.9776;334.4792;359.4269;True;True;1.8931;1.6074;-0.6115;307.8124;127.4133;353.5192;-0.1172;1.3655;-0.7040;0.0000;True;True;1.6541;1.6262;-0.0772;316.0892;42.7580;9.7484;-0.0162;1.1882;0.0676;0.0000;
5700;3.937135;14.9660;1.7030;1.5561;358.1594;334.9119;359.5010;True;True;1.8870;1.6464;-0.6321;304.7533;134.0983;346.6611;-0.3263;1.6225;-0.7959;0.0000;True;True;1.6503;1.6617;-0.0777;310.9960;38.6169;4.8288;-0.3371;1.6162;-0.1097;0.0000;
5705;4.006829;14.9708;1.7030;1.5647;357.9923;335.1113;359.9228;True;True;1.8792;1.6811;-0.6464;301.3605;142.2272;338.6601;-0.2179;1.2274;-0.4081;0.0000;True;True;1.6373;1.6967;-0.0817;303.9276;31.2298;8.7540;-0.4557;1.2585;-0.2283;0.0000;
5710;4.076679;14.9760;1.7030;1.5724;357.9969;334.9355;0.3777;True;True;1.8767;1.7030;-0.6494;299.1688;145.3631;335.6393;-0.0606;0.6521;0.0399;0.0000;True;True;1.6328;1.7204;-0.0895;299.3652;23.6983;10.6615;-0.0323;0.7682;-0.3051;0.0000;
5715;4.146181;14.9803;1.7040;1.5799;357.8808;334.3938;0.4711;True;True;1.8775;1.7112;-0.6481;297.3619;150.4088;330.8596;0.1625;0.1128;0.0518;0.0000;True;True;1.6336;1.7317;-0.1010;297.4873;18.9988;12.6631;0.1029;0.2143;-0.4436;0.0000;
5720;4.216248;14.9838;1.7064;1.5873;358.0651;334.1549;0.7659;True;True;1.8852;1.7081;-0.6415;298.2582;147.5329;332.2542;0.3702;-0.2606;0.4198;0.0000;True;True;1.6368;1.7321;-0.1139;294.9789;13.0712;14.6093;0.0897;-0.1425;-0.4345;0.0000;
5725;4.28588;14.9855;1.7068;1.5937;358.2924;334.3364;0.9143;True;True;1.8970;1.6985;-0.6309;296.3051;142.4285;336.9786;0.4419;-0.4225;0.3963;0.0000;True;True;1.6405;1.7248;-0.1182;295.3387;11.5950;16.6497;0.1644;-0.3150;0.0167;0.0000;
5730;4.355406;14.9848;1.7053;1.5994;358.5913;334.5316;0.8103;True;True;1.9068;1.6893;-0.6245;296.5615;140.2048;339.4740;0.3703;-0.3021;0.1147;0.0000;True;True;1.6474;1.7149;-0.1140;296.4886;14.5606;14.9260;0.3826;-0.3495;0.3152;0.0000;
5735;4.425053;14.9810;1.7033;1.6041;359.2190;334.9229;359.5539;True;True;1.9140;1.6803;-0.6207;299.3318;138.4597;340.7538;0.2448;-0.3983;0.2083;0.0000;True;True;1.6587;1.7111;-0.1049;297.0189;18.8943;8.2704;0.4267;-0.0675;0.4159;0.0000;
5740;4.494714;14.9739;1.7039;1.6093;0.0402;335.3237;358.6951;True;True;1.9201;1.6677;-0.6143;302.2004;137.5893;340.7331;0.3307;-0.5389;0.4070;0.0000;True;True;1.6674;1.7108;-0.0936;298.9848;22.7156;6.1978;0.3821;0.0334;0.3924;0.0000;
5745;4.564471;14.9666;1.7033;1.6137;0.2324;335.3094;358.8932;True;True;1.9309;1.6544;-0.5991;303.8417;132.3795;345.3471;0.5105;-0.5633;0.6266;0.0000;True;True;1.6778;1.7087;-0.0869;299.6777;26.5172;0.9822;0.3973;-0.1427;0.2069;0.0000;
5750;4.63434;14.9604;1.7021;1.6185;0.6555;334.4698;358.6880;True;True;1.9442;1.6413;-0.5865;304.7335;128.9367;349.0368;0.6256;-0.5016;0.4310;0.0000;True;True;1.6853;1.7025;-0.0812;300.5046;27.9908;359.7735;0.3301;-0.3163;0.2325;0.0000;
5755;4.704554;14.9557;1.7009;1.6247;1.1562;334.0797;358.6266;True;True;1.9598;1.6302;-0.5785;307.2963;124.8835;353.1362;0.5511;-0.4207;0.2433;0.0000;True;True;1.6958;1.6935;-0.0759;302.3087;29.8845;358.9005;0.4434;-0.3903;0.1866;0.0000;
5760;4.773656;14.9524;1.6993;1.6324;1.7722;334.3143;359.0300;True;True;1.9737;1.6221;-0.5723;307.5396;122.5534;356.4354;0.5677;-0.2610;0.1909;0.0000;True;True;1.7091;1.6846;-0.0731;303.4136;30.1689;357.3902;0.5090;-0.3492;0.0483;0.0000;
5765;4.843076;14.9503;1.6966;1.6404;2.7647;334.1144;359.2501;True;True;1.9926;1.6102;-0.5693;311.7532;117.5052;359.1431;0.9738;-0.8180;0.1233;0.0000;True;True;1.7214;1.6725;-0.0711;304.7175;32.5392;355.1900;0.4749;-0.6341;0.1618;0.0000;
5770;4.912426;14.9489;1.6941;1.6495;3.9277;333.4849;359.6305;True;True;2.0289;1.5637;-0.5638;325.9072;109.7782;0.1755;1.7687;-2.6555;0.3191;0.0000;True;True;1.7328;1.6356;-0.0546;311.3212;31.1256;359.0698;0.6251;-1.8667;0.9772;0.0000;
5775;4.981427;14.9479;1.6912;1.6610;4.3844;332.9721;359.4383;True;True;2.0750;1.4642;-0.5486;350.9057;101.1233;357.0868;1.5673;-4.7390;0.9606;0.0000;True;True;1.7576;1.5527;-0.0188;330.4510;31.1819;7.0792;1.2493;-4.2346;1.6173;0.0000;
5780;5.051064;14.9461;1.6874;1.6768;5.1990;332.8230;359.6161;True;True;2.1021;1.3396;-0.5235;14.0394;95.6759;355.0718;0.6073;-5.1985;1.0545;0.0000;True;True;1.7949;1.4210;0.0099;354.1517;32.2498;7.7399;1.3031;-5.8774;0.7670;0.0000;
5785;5.120242;14.9419;1.6818;1.6947;6.6843;333.0208;359.8981;True;True;2.1022;1.2167;-0.4992;34.9483;92.6343;348.8563;-0.4072;-4.7100;1.0495;0.0000;True;True;1.8125;1.2635;0.0098;21.0944;35.5066;16.3817;0.4444;-6.1633;-0.6119;0.0000;
5790;5.189958;14.9315;1.6772;1.7135;7.3962;332.9282;359.4827;True;True;2.0770;1.1162;-0.4701;52.5967;88.1385;342.2037;-1.3775;-3.2945;1.0187;0.0000;True;True;1.8110;1.1269;-0.0204;39.2742;34.4084;16.8937;-0.2674;-4.9948;-1.1295;0.0000;
5795;5.25994;14.9133;1.6729;1.7311;7.6533;333.3037;358.7415;True;True;2.0407;1.0552;-0.4316;61.0026;89.0414;342.5829;-1.5213;-2.0945;1.9461;0.0000;True;True;1.8013;1.0279;-0.0599;57.2105;37.5646;27.9315;-0.0082;-3.1559;-1.7372;0.0000;
5800;5.329442;14.8877;1.6639;1.7439;8.9616;333.8935;358.2724;True;True;2.0062;1.0208;-0.3804;68.4850;82.7658;335.0652;-1.3448;-0.9757;2.3758;0.0000;True;True;1.8062;0.9845;-0.0886;66.9302;44.6116;37.4862;0.5784;-0.9151;-0.9870;0.0000;
5805;5.399176;14.8549;1.6527;1.7546;10.7689;334.3231;357.3717;True;True;1.9856;1.0075;-0.3139;71.0879;63.1025;316.7674;-0.2014;-0.1129;2.8364;0.0000;True;True;1.8477;0.9871;-0.0953;64.5498;55.7708;42.2005;1.9075;0.5767;0.0632;0.0000;
5810;5.469078;14.8183;1.6428;1.7647;13.1492;334.3999;356.1570;True;True;2.0006;1.0097;-0.2476;72.0457;59.1547;308.9805;1.1612;0.3513;2.4902;0.0000;True;True;1.9134;1.0030;-0.0752;62.5809;62.0105;43.6150;2.8932;0.7654;1.1863;0.0000;
5815;5.539803;14.7836;1.6321;1.7734;16.6845;333.8363;355.6777;True;True;2.0478;1.0443;-0.1864;74.0891;80.7332;322.4633;2.2515;2.1551;2.6655;0.0000;True;True;1.9994;1.0468;-0.0395;58.5317;55.2532;40.9131;3.7904;2.4242;1.1713;0.0000;
5820;5.609469;14.7576;1.6302;1.7792;19.8421;332.9780;354.7191;True;True;2.0953;1.1439;-0.1520;66.3260;81.7647;318.3441;1.0937;4.9161;0.2196;0.0000;True;True;2.0699;1.1373;-0.0397;55.6002;58.3926;41.8093;2.1219;4.8047;-0.3932;0.0000;
5825;5.678879;14.7469;1.6410;1.7762;21.9384;332.8576;354.1484;True;True;2.0921;1.2052;-0.1812;60.0946;91.2712;321.8356;-0.7606;0.3152;-1.0108;0.0000;True;True;2.0736;1.2098;-0.0393;36.8014;58.1195;38.3447;-1.4790;-0.2654;0.3130;0.0000;
5830;5.747941;14.7501;1.6632;1.7650;18.7653;333.6920;355.3256;True;True;2.0830;1.2135;-0.2094;62.3791;87.2721;316.9754;-0.1573;-0.0436;-0.8520;0.0000;True;True;2.0546;1.2140;-0.0447;42.5753;56.8724;37.9190;-0.6676;0.1104;-0.2355;0.0000;
5835;5.817505;14.7610;1.6747;1.7557;12.8197;334.2607;356.2392;True;True;2.0805;1.2096;-0.2358;60.5016;82.0260;314.2152;-0.0866;0.0281;-1.3236;0.0000;True;True;2.0370;1.1932;-0.0489;45.4482;57.1309;37.3912;-0.5937;-0.7947;-0.2198;0.0000;
5840;5.887177;14.7761;1.6803;1.7489;6.0663;332.4079;356.5022;True;True;2.0769;1.2095;-0.2610;53.8731;82.8930;321.2757;-0.2819;-0.1692;-0.8771;0.0000;True;True;2.0151;1.1812;-0.0522;41.4490;55.8452;29.9893;-1.1688;-0.5130;0.1566;0.0000;
5845;5.956801;14.7961;1.6829;1.7420;1.5498;329.0681;357.9654;True;True;2.0686;1.2289;-0.2807;47.6437;78.0081;324.6490;-0.2380;1.8494;-0.5590;0.0000;True;True;1.9777;1.1923;-0.0469;39.0351;53.6298;38.5645;-1.4220;1.1451;0.2555;0.0000;
5850;6.026432;14.8184;1.6830;1.7362;0.8754;326.0452;359.0670;True;True;2.0550;1.2823;-0.2908;29.5113;76.8828;344.1232;-0.5222;2.5673;-0.7297;0.0000;True;True;1.9438;1.2490;-0.0414;28.5266;49.6534;39.5756;-1.5173;3.1669;0.5016;0.0000;
5855;6.095687;14.8360;1.6853;1.7321;359.3241;322.7082;0.4560;True;True;2.0458;1.3614;-0.3128;6.2504;79.8387;353.9320;-0.4036;3.1008;-0.7281;0.0000;True;True;1.8950;1.3437;-0.0247;3.0248;37.7259;25.2178;-2.1278;3.7629;0.7440;0.0000;
5860;6.165238;14.8463;1.6884;1.7243;358.5742;319.7395;0.8203;True;True;2.0312;1.4402;-0.3293;346.0020;81.6324;358.4905;-0.6019;2.9738;-0.5335;0.0000;True;True;1.8321;1.4347;-0.0016;343.3737;22.2067;15.6610;-2.7640;3.8044;0.7205;0.0000;
5865;6.234712;14.8491;1.6885;1.7118;358.9539;317.1441;0.7905;True;True;2.0108;1.5094;-0.3363;330.9303;84.4603;0.1366;-0.9075;2.5140;0.1297;0.0000;True;True;1.7676;1.5279;0.0112;326.0736;13.9334;12.6205;-2.7606;3.5174;0.4764;0.0000;
5870;6.304706;14.8427;1.6864;1.6925;359.4867;313.4114;0.4021;True;True;1.9840;1.5706;-0.3307;315.2105;87.3166;5.5066;-1.4682;2.2608;0.2985;0.0000;True;True;1.7066;1.6079;0.0057;306.5977;355.8059;13.9751;-2.0903;2.7339;-0.4752;0.0000;
5875;6.37439;14.8290;1.6831;1.6657;0.2850;310.7862;359.7382;True;True;1.9537;1.6207;-0.3168;306.3247;88.9414;6.1731;-1.1629;1.8296;0.5785;0.0000;True;True;1.6635;1.6612;0.0001;291.7673;339.4023;16.9579;-1.7366;1.8082;-0.0173;0.0000;
5880;6.444149;14.8103;1.6803;1.6349;359.3445;310.0507;359.3460;True;True;1.9136;1.6553;-0.3080;297.5886;99.5366;358.1400;-1.4959;1.0272;0.3441;0.0000;True;True;1.6159;1.6929;0.0028;288.0619;323.5652;33.0437;-1.9703;0.9295;0.2566;0.0000;
5885;6.514168;14.7918;1.6760;1.6074;358.0435;313.2545;359.2328;True;True;1.8844;1.6684;-0.3012;293.8337;106.4089;356.4691;-1.0564;0.3367;0.0041;0.0000;True;True;1.5786;1.7052;0.0157;285.2765;309.6535;45.3888;-1.2904;0.2875;0.6059;0.0000;
5890;6.584119;14.7713;1.6735;1.5862;357.7598;318.5542;357.7717;True;True;1.8661;1.6721;-0.2977;292.3175;121.7288;345.6649;-0.4722;0.1414;0.3808;0.0000;True;True;1.5539;1.7126;0.0333;282.4076;291.8393;61.8733;-0.7785;0.3743;0.8854;0.0000;
5895;6.653966;14.7521;1.6759;1.5675;357.6927;322.2957;357.5235;True;True;1.8569;1.6791;-0.2895;297.3273;121.4836;346.5436;-0.4642;0.2953;0.4292;0.0000;True;True;1.5422;1.7251;0.0530;279.7267;276.1672;74.0740;-0.4848;0.5995;0.7228;0.0000;
5900;6.72352;14.7369;1.6846;1.5525;357.6533;324.1607;356.9937;True;True;1.8453;1.6853;-0.2791;295.1175;130.7466;343.3510;-0.3529;0.2758;0.2184;0.0000;True;True;1.5355;1.7371;0.0676;279.6983;267.5598;84.0224;-0.0589;0.3929;0.4497;0.0000;
5905;6.79355;14.7295;1.6931;1.5422;356.6594;325.5098;356.2007;True;True;1.8401;1.6918;-0.2820;295.8862;131.8063;345.0002;-0.1763;0.2445;-0.3995;0.0000;True;True;1.5337;1.7438;0.0744;279.1756;254.4973;96.7616;-0.0755;0.1909;0.1857;0.0000;
5910;6.863002;14.7303;1.6981;1.5380;355.5837;327.7409;356.0684;True;True;1.8387;1.6965;-0.3043;294.9699;139.3009;342.4917;0.0846;0.1456;-1.1859;0.0000;True;True;1.5353;1.7465;0.0758;280.8328;243.9977;106.4444;0.1885;0.0365;-0.0013;0.0000;
5915;6.93289;14.7388;1.6996;1.5386;354.3163;328.9568;356.4079;True;True;1.8436;1.6989;-0.3357;296.6278;138.0193;342.9657;0.1812;0.0864;-1.2055;0.0000;True;True;1.5463;1.7430;0.0694;279.9998;244.7473;105.9198;0.5026;-0.2526;-0.4162;0.0000;
5920;7.00232;14.7561;1.6961;1.5459;353.3744;329.3780;357.9304;True;True;1.8508;1.7034;-0.3669;292.9859;146.6846;339.9012;0.3788;0.2964;-1.4059;0.0000;True;True;1.5589;1.7334;0.0524;280.5793;247.3754;103.2191;0.5732;-0.4255;-0.8710;0.0000;
5925;7.072303;14.7834;1.6869;1.5603;353.5345;329.2676;359.0189;True;True;1.8620;1.7113;-0.4040;292.5711;149.3874;335.9570;0.4573;0.3274;-1.5047;0.0000;True;True;1.5747;1.7236;0.0231;279.9965;249.5083;100.3992;0.6391;-0.3808;-1.4031;0.0000;
5930;7.141675;14.8184;1.6794;1.5819;354.8584;330.3660;0.2431;True;True;1.8763;1.7177;-0.4433;291.1514;155.1937;329.8341;0.7239;0.2181;-1.5118;0.0000;True;True;1.5951;1.7172;-0.0152;280.4149;253.6516;96.4423;0.9609;-0.1667;-1.6018;0.0000;
5935;7.211456;14.8546;1.6817;1.6079;356.7682;332.9865;0.8109;True;True;1.9025;1.7208;-0.4799;290.4765;147.7566;337.2259;1.2715;0.1775;-1.4802;0.0000;True;True;1.6194;1.7171;-0.0539;280.8773;268.2267;85.3873;1.0521;0.1243;-1.4989;0.0000;
5940;7.280792;14.8885;1.6873;1.6307;357.5027;335.8102;1.3737;True;True;1.9269;1.7241;-0.5151;289.8193;140.1643;345.5437;0.8453;0.1100;-1.3620;0.0000;True;True;1.6508;1.7211;-0.0895;280.2692;278.6879;78.2424;1.3482;0.1400;-1.4249;0.0000;
5945;7.350601;14.9153;1.6939;1.6502;358.3370;337.4249;1.8941;True;True;1.9455;1.7297;-0.5480;289.8788;141.7452;346.8555;0.6398;0.2472;-1.2906;0.0000;True;True;1.6802;1.7223;-0.1228;280.5093;264.1133;91.9045;1.1302;0.0058;-1.1896;0.0000;
5950;7.420022;14.9329;1.6991;1.6645;358.7493;335.4101;1.2037;True;True;1.9556;1.7335;-0.5691;291.6419;139.0745;346.7620;0.2589;0.0658;-0.5681;0.0000;True;True;1.7084;1.7242;-0.1445;278.3137;254.3687;100.8313;0.9990;0.1468;-0.6716;0.0000;
5955;7.489608;14.9446;1.6998;1.6754;359.4926;333.8882;0.6078;True;True;1.9602;1.7347;-0.5818;289.7833;145.4181;342.8289;0.1616;0.0467;-0.5296;0.0000;True;True;1.7248;1.7299;-0.1555;277.8936;249.4944;106.4870;0.4909;0.2694;-0.2774;0.0000;
5960;7.559437;14.9536;1.6997;1.6839;0.3053;333.9018;359.5934;True;True;1.9658;1.7327;-0.5917;290.5515;143.0742;345.3165;0.2104;-0.1277;-0.3580;0.0000;True;True;1.7350;1.7371;-0.1599;277.3783;258.2137;99.7839;0.4199;0.2661;-0.1605;0.0000;
5965;7.629315;14.9607;1.7016;1.6922;0.5287;334.2115;358.2859;True;True;1.9697;1.7266;-0.6020;290.2810;143.9017;345.5190;0.2663;-0.2977;-0.3796;0.0000;True;True;1.7433;1.7416;-0.1671;277.6826;244.6900;113.6885;0.3522;0.1233;-0.2977;0.0000;
5970;7.698224;14.9696;1.7001;1.7015;359.8881;334.9154;357.9915;True;True;1.9741;1.7203;-0.6120;289.3122;143.6943;347.3132;0.1866;-0.2332;-0.4916;0.0000;True;True;1.7551;1.7430;-0.1765;278.3232;236.3351;121.5079;0.5401;0.0437;-0.3972;0.0000;
5975;7.767626;14.9811;1.6980;1.7104;0.9721;334.5441;358.6320;True;True;1.9862;1.7157;-0.6218;290.6544;138.4867;350.3419;0.5413;-0.1396;-0.2903;0.0000;True;True;1.7685;1.7406;-0.1903;277.1367;236.6056;121.2278;0.5028;-0.1605;-0.6114;0.0000;
5980;7.837219;14.9965;1.6909;1.7181;0.1954;333.8419;359.7410;True;True;1.9989;1.7139;-0.6294;288.7694;137.5742;351.3187;0.4955;0.0160;-0.1582;0.0000;True;True;1.7794;1.7347;-0.2070;276.6859;234.0093;122.0294;0.3733;-0.2825;-0.7019;0.0000;
5985;7.906883;15.0121;1.6968;1.7280;0.1388;333.3412;1.1026;True;True;2.0091;1.7171;-0.6375;285.2772;143.4028;347.5831;0.3698;0.1382;-0.3645;0.0000;True;True;1.7822;1.7282;-0.2242;278.6738;238.4181;114.7044;0.1148;-0.3144;-0.8052;0.0000;
5990;7.976558;15.0258;1.7007;1.7379;359.0315;333.7798;0.5144;True;True;2.0180;1.7225;-0.6463;286.6782;134.0283;353.8592;0.3418;0.2609;-0.3504;0.0000;True;True;1.7852;1.7276;-0.2428;281.3494;235.1917;118.8571;0.2029;0.1358;-0.5707;0.0000;
5995;8.046191;15.0361;1.7001;1.7444;359.3388;334.7015;0.6982;True;True;2.0214;1.7247;-0.6532;286.3259;140.3621;348.3878;0.0478;-0.0494;-0.2280;0.0000;True;True;1.7918;1.7328;-0.2530;280.4781;239.3961;115.6778;0.1631;0.1693;-0.3726;0.0000;
6000;8.115989;15.0416;1.6997;1.7502;359.2647;335.2408;359.9020;True;True;2.0226;1.7180;-0.6575;287.2376;140.5983;347.3965;0.0901;-0.4220;-0.0831;0.0000;True;True;1.7966;1.7325;-0.2612;280.9430;237.1948;119.5396;0.2518;-0.0787;-0.2495;0.0000;
6005;8.184822;15.0427;1.6991;1.7542;359.6273;335.5554;359.0977;True;True;2.0268;1.7071;-0.6565;288.4118;138.7867;349.6367;0.1870;-0.4388;0.0404;0.0000;True;True;1.8037;1.7312;-0.2627;280.4909;228.8046;127.9027;0.2888;0.0000;0.0653;0.0000;
6010;8.254863;15.0411;1.6988;1.7565;359.7212;336.0173;358.1617;True;True;2.0316;1.6964;-0.6518;290.5290;135.2967;352.4673;0.1431;-0.4071;0.2774;0.0000;True;True;1.8114;1.7322;-0.2600;280.0952;222.4014;134.6996;0.3804;0.0336;0.1171;0.0000;
6015;8.32418;15.0380;1.6979;1.7573;0.0059;336.4385;357.5554;True;True;2.0332;1.6890;-0.6440;289.7873;133.9974;355.3818;-0.0464;-0.1735;0.2619;0.0000;True;True;1.8183;1.7334;-0.2563;280.3078;209.5362;145.7584;0.1666;0.0495;0.1161;0.0000;
6020;8.395006;15.0347;1.6973;1.7580;0.1525;336.4179;357.6836;True;True;2.0323;1.6887;-0.6396;290.0750;133.2731;355.0909;-0.0435;0.0509;0.1449;0.0000;True;True;1.8170;1.7349;-0.2539;280.2552;215.4677;141.7242;-0.0909;0.0694;0.1124;0.0000;
6025;8.463611;15.0318;1.6967;1.7589;0.4287;336.4109;357.2638;True;True;2.0307;1.6906;-0.6370;290.3639;135.2025;352.6454;-0.0631;0.0721;0.1639;0.0000;True;True;1.8160;1.7354;-0.2513;280.5794;217.7609;139.2416;-0.0348;0.0029;0.1034;0.0000;
6030;8.533771;15.0298;1.6961;1.7601;0.4234;336.8183;357.2403;True;True;2.0291;1.6917;-0.6322;289.3048;135.0184;353.4707;-0.0738;0.0335;0.1641;0.0000;True;True;1.8169;1.7353;-0.2483;280.5587;220.1281;137.5378;0.0733;-0.0137;0.1259;0.0000;
6035;8.602919;15.0283;1.6960;1.7624;0.2599;337.2091;357.4729;True;True;2.0278;1.6910;-0.6293;288.8347;136.1123;351.7739;0.0178;-0.0816;0.1499;0.0000;True;True;1.8199;1.7335;-0.2463;280.2943;220.6744;136.8825;0.1129;-0.1229;0.0507;0.0000;
6040;8.672747;15.0266;1.6954;1.7665;0.4484;337.5070;357.5307;True;True;2.0315;1.6865;-0.6257;289.0106;135.4019;352.3653;0.2292;-0.2538;0.1609;0.0000;True;True;1.8243;1.7296;-0.2447;280.1712;220.1023;137.4014;0.1838;-0.1788;0.0621;0.0000;
6045;8.742064;15.0241;1.6947;1.7728;0.5949;337.9940;357.4738;True;True;2.0397;1.6767;-0.6181;289.4379;130.6636;356.7440;0.3585;-0.4162;0.2998;0.0000;True;True;1.8274;1.7244;-0.2417;280.4034;219.9902;137.5701;0.1107;-0.2206;0.1877;0.0000;
6050;8.811948;15.0198;1.6934;1.7814;0.4926;338.4038;357.3374;True;True;2.0510;1.6648;-0.6122;290.7308;131.6674;355.1938;0.5820;-0.5004;0.2577;0.0000;True;True;1.8303;1.7193;-0.2344;280.3120;217.8673;139.5165;0.1103;-0.1881;0.3377;0.0000;
6055;8.881593;15.0139;1.6926;1.7927;0.5612;338.8850;356.6725;True;True;2.0654;1.6517;-0.6046;292.6324;131.5361;356.0645;0.5614;-0.5306;0.2919;0.0000;True;True;1.8369;1.7148;-0.2242;279.8069;219.7352;138.0471;0.4030;-0.2115;0.3797;0.0000;
6060;8.951336;15.0074;1.6912;1.8063;0.3358;339.8247;355.7403;True;True;2.0791;1.6380;-0.5982;295.2920;132.4191;354.7705;0.4949;-0.5948;0.3117;0.0000;True;True;1.8485;1.7082;-0.2186;279.6074;219.2005;140.1187;0.5676;-0.3543;0.0849;0.0000;
6065;9.020552;15.0020;1.6901;1.8241;0.5003;340.7542;355.5072;True;True;2.0925;1.6212;-0.5884;295.4089;133.7891;354.9180;0.5469;-0.6799;0.3217;0.0000;True;True;1.8665;1.6984;-0.2172;279.8163;213.4486;146.4486;0.7848;-0.3956;0.0426;0.0000;
6070;9.090165;14.9998;1.6875;1.8474;0.5308;341.0022;355.4521;True;True;2.1117;1.6024;-0.5786;296.2133;134.1034;352.6117;1.0382;-0.7754;0.5207;0.0000;True;True;1.8880;1.6879;-0.2168;279.6512;212.4920;148.6992;0.9471;-0.3807;0.0451;0.0000;
6075;9.159493;15.0033;1.6849;1.8792;0.3134;340.7181;355.9157;True;True;2.1454;1.5833;-0.5678;295.6435;130.8273;356.2873;1.5053;-0.7670;0.3119;0.0000;True;True;1.9109;1.6783;-0.2192;277.8718;206.0367;154.3809;0.8103;-0.4107;-0.2002;0.0000;
6080;9.229482;15.0141;1.6769;1.9169;359.8025;340.7099;356.7250;True;True;2.1917;1.5641;-0.5584;293.6332;128.1668;357.9478;2.1185;-0.7431;0.3573;0.0000;True;True;1.9320;1.6678;-0.2257;279.2755;209.3710;147.7616;0.8818;-0.4409;-0.3012;0.0000;
6085;9.299024;15.0324;1.6725;1.9605;0.7125;340.6085;357.5760;True;True;2.2550;1.5486;-0.5561;292.2789;127.5422;359.4508;2.7169;-0.5802;-0.1252;0.0000;True;True;1.9524;1.6571;-0.2337;277.6711;212.9105;140.8136;0.7794;-0.4094;-0.4276;0.0000;
6090;9.368756;15.0537;1.6700;2.0063;1.0605;341.5258;357.8996;True;True;2.3338;1.5431;-0.5592;291.7876;131.2333;356.8383;3.3811;-0.0023;-0.0232;0.0000;True;True;1.9724;1.6482;-0.2472;275.9819;211.0856;139.4006;0.8004;-0.2536;-0.5566;0.0000;
6095;9.438572;15.0731;1.6773;2.0510;1.8913;342.5207;358.7094;True;True;2.4391;1.5505;-0.5570;290.6890;139.1360;353.6125;4.7333;0.6131;0.1557;0.0000;True;True;1.9940;1.6469;-0.2585;274.0622;208.7789;136.5445;0.8484;0.0751;-0.3844;0.0000;
6100;9.508364;15.0896;1.6857;2.0857;2.7769;342.8847;359.8587;True;True;2.5499;1.5555;-0.5312;285.5189;143.1166;355.8374;4.5962;-0.1567;1.4268;0.0000;True;True;2.0120;1.6502;-0.2691;271.0923;303.4246;41.7949;0.6982;0.1683;-0.4405;0.0000;
6105;9.577739;15.1026;1.6912;2.1072;3.7993;342.6942;0.3964;True;True;2.6747;1.5387;-0.5180;307.7330;102.4315;42.3596;4.0943;-1.2839;0.0134;0.0000;True;True;2.0235;1.6547;-0.2810;270.0969;341.7833;0.0000;0.2090;0.2306;-0.4738;0.0000;
6110;9.647223;15.1083;1.6955;2.1186;4.3799;342.4911;-0.0043;True;True;2.6642;1.5448;-0.5313;300.4133;101.1025;46.5411;-1.4085;1.1613;-0.9318;0.0000;True;True;2.0201;1.6592;-0.2911;271.2540;265.7545;76.1661;-0.2872;0.1145;-0.3022;0.0000;
6115;9.717191;15.1058;1.6994;2.1210;3.3176;341.3046;359.7272;True;True;2.6075;1.5609;-0.5575;296.8490;107.2462;28.7458;-2.3298;0.5038;-1.2936;0.0000;True;True;2.0147;1.6596;-0.2933;272.7524;258.8118;83.2578;-0.0870;-0.0102;0.1016;0.0000;
6120;9.786698;15.0985;1.7009;2.1177;2.2025;339.6057;359.8177;True;True;2.5471;1.5754;-0.5963;298.9016;114.1089;14.1668;-2.3952;0.6142;-1.5565;0.0000;True;True;2.0147;1.6589;-0.2866;273.3254;260.4672;81.1087;0.0809;-0.0199;0.3761;0.0000;
6125;9.856141;15.0858;1.6997;2.1120;2.1338;339.0252;359.9107;True;True;2.4893;1.5940;-0.6336;298.6840;121.5038;4.1229;-2.2120;0.8183;-1.5151;0.0000;True;True;2.0185;1.6588;-0.2750;274.5638;271.8191;72.2023;0.1386;-0.0261;0.4894;0.0000;
6130;9.925636;15.0687;1.6994;2.1008;1.5565;336.6367;359.4053;True;True;2.4397;1.6119;-0.6661;299.6333;131.7047;351.8059;-1.6738;0.6655;-1.0291;0.0000;True;True;2.0244;1.6576;-0.2590;277.0318;273.0778;73.9544;0.3063;-0.0193;0.7454;0.0000;
6135;9.995158;15.0470;1.6982;2.0878;0.8943;334.3325;359.1261;True;True;2.4048;1.6236;-0.6791;300.1635;131.6310;353.2236;-1.2609;0.3784;-0.1533;0.0000;True;True;2.0345;1.6572;-0.2382;276.8190;285.3796;65.0663;0.5016;0.0286;0.9171;0.0000;
6140;10.06483;15.0227;1.6956;2.0731;1.3354;333.6180;358.7448;True;True;2.3764;1.6337;-0.6766;298.8571;132.5209;353.8693;-0.9137;0.3856;0.2501;0.0000;True;True;2.0442;1.6599;-0.2149;276.1814;281.6182;71.9451;0.3930;0.1986;1.0060;0.0000;
6145;10.1345;14.9972;1.6954;2.0567;1.1746;333.0495;358.4665;True;True;2.3588;1.6419;-0.6651;302.4341;129.0965;356.6120;-0.6157;0.2457;0.6506;0.0000;True;True;2.0516;1.6669;-0.1897;274.6042;277.6708;77.6117;0.1741;0.3216;1.0076;0.0000;
6150;10.2047;14.9695;1.6950;2.0391;1.3009;331.9227;358.0799;True;True;2.3398;1.6489;-0.6472;304.3609;126.1552;0.0918;-0.9190;0.3366;0.6386;0.0000;True;True;2.0505;1.6763;-0.1623;274.4896;272.1948;84.9938;-0.1377;0.3952;1.1269;0.0000;
6155;10.27433;14.9405;1.6952;2.0211;0.9829;329.9118;357.7559;True;True;2.3168;1.6578;-0.6230;303.1012;128.1966;358.6703;-0.8554;0.3825;1.1630;0.0000;True;True;2.0450;1.6863;-0.1370;273.9395;264.4648;94.4364;-0.2930;0.3795;0.9588;0.0000;
6160;10.34349;14.9102;1.6976;2.0038;0.8681;327.3503;357.3523;True;True;2.2969;1.6683;-0.5903;303.0590;125.5376;359.5307;-0.6930;0.4265;1.5113;0.0000;True;True;2.0390;1.6962;-0.1143;274.0285;236.6474;121.5116;-0.2511;0.4260;0.9076;0.0000;
6165;10.41302;14.8806;1.7006;1.9869;0.2021;324.4208;357.2857;True;True;2.2824;1.6792;-0.5462;301.7550;120.9174;3.3893;-0.6102;0.4377;1.8188;0.0000;True;True;2.0322;1.7075;-0.0931;273.4694;223.6353;135.8246;-0.3296;0.4382;0.8083;0.0000;
6170;10.48264;14.8536;1.7034;1.9718;0.2245;321.8916;357.1361;True;True;2.2673;1.6884;-0.4950;299.2163;116.4570;5.6031;-0.6219;0.2987;2.1487;0.0000;True;True;2.0246;1.7178;-0.0730;274.4252;205.7680;152.5651;-0.2981;0.3856;0.8107;0.0000;
6175;10.55235;14.8310;1.7062;1.9602;0.2668;320.1385;357.6435;True;True;2.2507;1.6941;-0.4506;294.4071;115.4809;6.3212;-0.6237;0.1908;1.5585;0.0000;True;True;2.0112;1.7252;-0.0509;274.7556;207.5891;148.4657;-0.6313;0.2188;0.9368;0.0000;
6180;10.62195;14.8114;1.7031;1.9495;359.6489;318.0258;359.4467;True;True;2.2378;1.6979;-0.4238;295.0973;112.8682;3.5260;-0.4699;0.1248;0.8481;0.0000;True;True;1.9892;1.7256;-0.0268;274.5604;206.8521;144.4718;-1.0727;-0.0418;1.0119;0.0000;
6185;10.69176;14.7901;1.7002;1.9368;0.5344;314.4033;1.9906;True;True;2.2277;1.6989;-0.4101;294.7084;113.5266;359.3829;-0.3430;-0.0442;0.4702;0.0000;True;True;1.9512;1.7169;0.0023;275.0857;217.9552;126.8573;-1.7794;-0.4431;1.2097;0.0000;
6190;10.76138;14.7617;1.7070;1.9243;359.2677;312.3492;1.7269;True;True;2.2268;1.6957;-0.3976;297.3341;121.0347;354.8187;0.0258;-0.0504;0.7581;0.0000;True;True;1.9084;1.7057;0.0376;275.8271;241.8838;101.3275;-1.5277;-0.4359;1.6018;0.0000;
6195;10.83061;14.7286;1.7038;1.9037;359.7676;312.3014;1.2985;True;True;2.2146;1.6942;-0.3700;300.6836;118.9259;354.0995;-0.8291;-0.0985;1.3703;0.0000;True;True;1.8684;1.6943;0.0799;275.2354;241.8929;95.8128;-1.7687;-0.4645;1.6844;0.0000;
6200;10.90042;14.6904;1.6927;1.8736;359.1346;311.2475;1.6242;True;True;2.1812;1.6901;-0.3273;296.5400;120.2099;356.3036;-1.6581;-0.2056;1.7301;0.0000;True;True;1.8209;1.6795;0.1223;276.1833;259.7982;76.6985;-1.9614;-0.6922;1.7062;0.0000;
6205;10.9701;14.6507;1.6699;1.8376;357.5582;311.9804;1.1069;True;True;2.1344;1.6824;-0.2859;294.2213;120.9056;354.4002;-1.9425;-0.3381;1.5622;0.0000;True;True;1.7754;1.6594;0.1622;278.0851;255.6619;81.3770;-1.5215;-0.7797;1.6350;0.0000;
6210;11.03976;14.6099;1.6563;1.8035;358.6136;314.5257;0.4527;True;True;2.0900;1.6722;-0.2556;293.3231;134.7568;341.9113;-1.4421;-0.4241;1.1532;0.0000;True;True;1.7416;1.6495;0.2038;278.2124;253.4221;85.2054;-1.1909;-0.1182;1.6416;0.0000;
6215;11.10976;14.5695;1.6663;1.7787;359.3396;318.5092;358.4517;True;True;2.0699;1.6659;-0.2265;299.3066;129.5005;346.5822;-0.4157;0.0190;1.1404;0.0000;True;True;1.7249;1.6658;0.2480;276.9773;242.5031;97.2009;-0.3978;1.1756;1.7618;0.0000;
6220;11.17924;14.5397;1.6825;1.7608;359.5067;321.2622;358.5469;True;True;2.0590;1.6786;-0.2034;300.6764;130.4617;348.8046;-0.4432;0.6997;0.7257;0.0000;True;True;1.7175;1.7028;0.2759;274.9342;234.3272;107.2484;-0.3891;1.5333;0.5561;0.0000;
6225;11.24889;14.5222;1.6827;1.7499;357.5396;324.1329;356.5256;True;True;2.0465;1.6907;-0.1945;297.6563;139.1350;344.8252;-0.5321;0.1321;0.0400;0.0000;True;True;1.7145;1.7265;0.2759;279.5089;215.6456;131.8736;0.0052;0.4508;-0.1260;0.0000;
6230;11.31843;14.5161;1.6836;1.7477;359.3658;327.4622;356.1083;True;True;2.0412;1.6854;-0.1992;300.0253;140.9687;344.8557;-0.1707;-0.3689;-0.4270;0.0000;True;True;1.7236;1.7243;0.2784;278.0808;217.6593;132.2381;0.4649;-0.3776;0.0555;0.0000;
6235;11.38834;14.5254;1.6842;1.7523;359.3116;329.7686;356.0996;True;True;2.0411;1.6721;-0.2189;302.2809;141.3897;343.1227;0.3419;-0.4455;-0.8827;0.0000;True;True;1.7412;1.7018;0.2713;275.2480;234.6665;119.5219;0.9231;-0.8976;-0.4623;0.0000;
6240;11.45763;14.5478;1.6768;1.7636;357.9798;330.9797;355.3896;True;True;2.0575;1.6646;-0.2468;302.5006;142.4717;345.5731;0.7183;-0.2123;-1.2182;0.0000;True;True;1.7650;1.6863;0.2473;273.9833;215.1381;138.8048;0.8412;-0.4123;-1.3238;0.0000;
6245;11.52747;14.5803;1.6598;1.7772;359.4950;332.3970;355.5104;True;True;2.0712;1.6602;-0.2786;301.6896;142.2060;345.4603;0.4762;-0.1019;-1.3152;0.0000;True;True;1.7850;1.6831;0.2088;275.9933;207.7264;147.0658;0.7477;-0.0221;-1.6466;0.0000;
6250;11.59692;14.6225;1.6506;1.7966;358.6740;333.0925;356.9967;True;True;2.0805;1.6628;-0.3190;299.3479;142.6739;342.6364;0.4321;0.2358;-1.7493;0.0000;True;True;1.7990;1.6793;0.1587;276.1120;220.3979;134.7003;0.3723;-0.2858;-2.3340;0.0000;
6255;11.66642;14.6716;1.6499;1.8215;358.9659;332.3101;358.7704;True;True;2.1007;1.6714;-0.3586;296.6722;147.9921;336.7548;1.0946;0.4835;-1.2713;0.0000;True;True;1.8142;1.6712;0.1026;278.9669;221.0012;131.2098;0.6880;-0.1727;-2.1210;0.0000;
6260;11.73589;14.7165;1.6594;1.8490;359.0599;333.5827;0.2955;True;True;2.1300;1.6925;-0.3909;293.0500;139.4599;347.0683;0.9692;1.1057;-1.4612;0.0000;True;True;1.8313;1.6766;0.0603;278.5237;236.6942;115.7628;0.7642;0.3489;-1.5649;0.0000;
6265;11.80572;14.7489;1.6755;1.8764;358.3343;334.3664;1.1385;True;True;2.1538;1.7172;-0.4192;292.5356;140.8495;343.8817;1.0304;0.9419;-0.7780;0.0000;True;True;1.8536;1.6880;0.0295;278.6140;243.2893;109.9398;1.0506;0.5279;-0.9994;0.0000;
6270;11.87551;14.7711;1.6857;1.8916;0.2582;332.3242;0.2694;True;True;2.1651;1.7368;-0.4365;291.6939;143.0669;341.9843;0.0876;0.6249;-0.5865;0.0000;True;True;1.8728;1.7030;0.0087;279.2454;227.9892;121.9122;0.3274;0.6248;-0.7649;0.0000;
6275;11.94477;14.7829;1.6915;1.8983;0.0290;331.0401;0.3689;True;True;2.1632;1.7430;-0.4386;291.9144;144.4943;338.4456;-0.3044;-0.0532;0.3027;0.0000;True;True;1.8759;1.7171;-0.0071;280.6140;229.4785;121.0011;-0.0822;0.4264;-0.5888;0.0000;
6280;12.01478;14.7855;1.6921;1.9012;359.8619;331.3985;0.5341;True;True;2.1539;1.7351;-0.4224;286.9221;147.1034;336.5052;-0.2645;-0.3798;0.6973;0.0000;True;True;1.8680;1.7177;-0.0213;285.8403;225.1612;123.1718;-0.3481;-0.1024;-0.4110;0.0000;
6285;12.08432;14.7828;1.6868;1.9011;0.6243;331.5522;0.1147;True;True;2.1486;1.7210;-0.4059;286.8879;134.9286;346.7177;-0.1811;-0.7518;0.5423;0.0000;True;True;1.8624;1.7100;-0.0191;285.8296;231.4499;120.3944;-0.0688;-0.4229;0.3556;0.0000;
6290;12.15393;14.7735;1.6830;1.8992;2.6518;332.5255;358.6416;True;True;2.1483;1.6902;-0.3935;291.2034;130.4056;349.9610;0.1834;-1.7920;0.7412;0.0000;True;True;1.8671;1.6921;0.0012;282.9573;242.0049;113.2272;0.3131;-1.0097;1.1816;0.0000;
6295;12.22363;14.7604;1.6826;1.8956;3.2845;332.8836;358.5723;True;True;2.1517;1.6381;-0.3749;298.3749;113.5610;5.3375;-0.0190;-2.3690;0.4939;0.0000;True;True;1.8799;1.6554;0.0314;280.3450;332.8622;34.4856;0.7874;-1.9058;0.9855;0.0000;
6300;12.29388;14.7482;1.6837;1.8957;3.9709;332.6078;358.1602;True;True;2.1491;1.5799;-0.3485;302.9873;113.0992;6.7078;-0.1188;-2.2080;1.2279;0.0000;True;True;1.9052;1.6019;0.0191;273.3886;309.5524;48.9643;0.7056;-1.7380;-0.8926;0.0000;
6305;12.36294;14.7394;1.6853;1.8990;4.3126;332.5670;357.1123;True;True;2.1450;1.5410;-0.3196;304.9299;113.2179;7.4314;-0.2142;-1.3580;1.0745;0.0000;True;True;1.9198;1.5770;-0.0071;279.0832;318.7372;53.6363;0.8292;-0.8396;-1.2504;0.0000;
6310;12.43259;14.7376;1.6857;1.9048;3.9426;333.4112;357.2062;True;True;2.1441;1.5188;-0.2888;304.9536;109.9770;9.0332;-0.0062;-0.6770;1.1423;0.0000;True;True;1.9520;1.5630;-0.0422;282.8442;283.1533;89.9733;1.3314;-0.5268;-1.2990;0.0000;
6315;12.50172;14.7422;1.6862;1.9131;4.0051;333.5390;357.4965;True;True;2.1525;1.5098;-0.2679;302.3318;110.1440;6.5671;0.6207;-0.2416;0.6475;0.0000;True;True;2.0001;1.5500;-0.0770;286.7181;282.8387;97.8098;2.4224;-0.4862;-1.4301;0.0000;
6320;12.57193;14.7528;1.6843;1.9254;2.8574;332.8946;358.2554;True;True;2.1719;1.5101;-0.2558;302.0947;108.1731;5.5027;0.7327;0.0782;0.3370;0.0000;True;True;2.0567;1.5343;-0.1081;286.4956;280.7235;101.5799;2.3179;-0.6521;-1.1354;0.0000;
6325;12.64119;14.7690;1.6799;1.9407;2.1628;332.0458;359.5798;True;True;2.1992;1.5154;-0.2517;302.4944;110.3991;357.6133;1.1649;0.1976;0.2215;0.0000;True;True;2.1124;1.5204;-0.1321;284.4775;290.0013;93.9179;2.1480;-0.5093;-0.8527;0.0000;
6330;12.71059;14.7883;1.6811;1.9605;1.8528;331.4762;1.0698;True;True;2.2357;1.5242;-0.2459;299.8622;117.3643;349.8332;1.7224;0.4366;0.2433;0.0000;True;True;2.1689;1.5152;-0.1539;283.9161;301.5992;84.0493;2.1780;-0.0143;-0.9207;0.0000;
6335;12.78001;14.8075;1.6828;1.9811;0.9599;331.9196;1.4971;True;True;2.3127;1.5517;-0.2483;310.8746;120.6668;337.3505;3.4567;1.5285;0.4058;0.0000;True;True;2.2391;1.5451;-0.1396;291.4692;327.5869;66.2778;3.9567;1.4145;0.2418;0.0000;
6340;12.84999;14.8222;1.6872;1.9972;2.2667;333.2382;1.4764;True;True;2.3941;1.5781;-0.2266;309.0209;124.9886;338.1062;3.3790;0.5595;0.9727;0.0000;True;True;2.3214;1.5622;-0.1416;285.6354;320.9011;64.0241;3.1669;0.2963;-0.1116;0.0000;
6345;12.91937;14.8306;1.6939;2.0065;2.0780;333.5226;2.1319;True;True;2.4424;1.5843;-0.2177;322.7951;105.8526;5.9170;-1.0693;0.7395;-1.2532;0.0000;True;True;2.3726;1.5655;-0.1436;288.6252;29.9639;353.8420;0.2923;0.1395;-0.6467;0.0000;
6350;12.98899;14.8321;1.6994;2.0092;1.9052;332.8790;2.1621;True;True;2.4012;1.5943;-0.2593;314.0926;113.9821;349.8403;-1.5416;0.0644;-1.5241;0.0000;True;True;2.3137;1.5704;-0.1512;284.7748;340.0454;45.5231;-2.6658;0.1089;-0.1152;0.0000;
6355;13.05855;14.8272;1.7013;2.0068;1.4402;331.8771;2.0624;True;True;2.3618;1.5903;-0.3035;315.4666;111.0477;347.2953;-1.5845;-0.2451;-1.7635;0.0000;True;True;2.2511;1.5678;-0.1457;287.7171;348.6514;44.7425;-2.4552;-0.1992;0.3216;0.0000;
6360;13.12807;14.8168;1.6995;2.0008;0.6561;331.4074;1.6079;True;True;2.3320;1.5907;-0.3353;313.9716;110.2053;347.9312;-0.9329;0.2459;-1.0194;0.0000;True;True;2.1916;1.5609;-0.1298;283.7864;335.3323;56.8518;-1.9917;-0.1080;0.8418;0.0000;
6365;13.19783;14.8023;1.6964;1.9897;0.8923;332.0772;0.9136;True;True;2.3085;1.6046;-0.3658;314.5594;111.5642;348.0036;-1.0450;0.7441;-1.2034;0.0000;True;True;2.1473;1.5744;-0.0970;277.9324;350.3545;37.6265;-1.8608;0.8013;1.5609;0.0000;
6370;13.26748;14.7845;1.6942;1.9755;0.4984;332.9380;0.5170;True;True;2.2768;1.6280;-0.3771;307.4183;117.2142;349.8349;-1.2512;0.9165;-0.0602;0.0000;True;True;2.1030;1.6025;-0.0554;276.7289;344.1342;40.8309;-1.8147;1.2584;1.7098;0.0000;
6375;13.33694;14.7653;1.6936;1.9593;0.3892;334.2425;359.2899;True;True;2.2518;1.6510;-0.3753;303.8373;118.1547;355.4950;-0.8534;0.9334;0.2324;0.0000;True;True;2.0671;1.6366;-0.0182;275.5941;295.3384;84.7638;-1.2458;1.4300;1.2704;0.0000;
6380;13.40708;14.7475;1.6970;1.9422;359.8832;335.0003;358.3319;True;True;2.2323;1.6776;-0.3669;304.1599;113.7254;4.2619;-0.9048;1.2042;0.0839;0.0000;True;True;2.0364;1.6734;0.0119;276.8654;269.4406;105.0302;-1.2995;1.4526;1.1398;0.0000;
6385;13.47687;14.7336;1.7018;1.9254;359.3998;335.3897;357.7975;True;True;2.2113;1.7074;-0.3639;300.9458;122.4425;358.1449;-0.7812;1.1380;0.2202;0.0000;True;True;2.0119;1.7048;0.0341;276.7808;250.7586;120.5378;-0.9438;1.1502;0.7188;0.0000;
6390;13.54622;14.7261;1.7057;1.9119;358.5688;335.6884;358.6451;True;True;2.1913;1.7347;-0.3624;299.3555;124.8056;355.4062;-0.9102;1.0164;-0.0638;0.0000;True;True;1.9934;1.7294;0.0465;279.6731;230.9045;134.8991;-0.5868;0.9532;0.3683;0.0000;
6395;13.61561;14.7246;1.7064;1.9004;358.6525;335.7124;358.7744;True;True;2.1716;1.7546;-0.3640;294.5640;135.4924;348.6803;-0.7141;0.6525;-0.0357;0.0000;True;True;1.9733;1.7498;0.0499;280.2191;242.1368;125.7941;-0.8428;0.5978;-0.0719;0.0000;
6400;13.68517;14.7287;1.7048;1.8913;358.5284;335.1577;359.3391;True;True;2.1567;1.7668;-0.3707;293.2754;139.4527;343.3726;-0.4450;0.3541;-0.3544;0.0000;True;True;1.9585;1.7604;0.0448;282.7844;240.5763;125.5932;-0.4818;0.2314;-0.3225;0.0000;
6405;13.75502;14.7380;1.7024;1.8848;357.5685;334.4173;0.4595;True;True;2.1473;1.7739;-0.3770;291.8375;139.6086;341.6326;-0.4067;0.2132;-0.3211;0.0000;True;True;1.9445;1.7635;0.0337;283.5187;240.2018;124.4761;-0.6417;-0.0187;-0.5152;0.0000;
6410;13.82462;14.7493;1.7055;1.8821;356.8784;334.2123;0.5597;True;True;2.1432;1.7774;-0.3888;290.0595;150.9785;331.7943;0.0607;0.1297;-0.4514;0.0000;True;True;1.9305;1.7625;0.0204;284.9288;243.3864;121.8923;-0.4348;-0.0124;-0.5434;0.0000;
6415;13.89464;14.7600;1.7067;1.8815;355.7852;334.8533;0.5445;True;True;2.1471;1.7790;-0.4002;289.9126;150.2921;332.0899;0.2978;-0.0456;-0.3518;0.0000;True;True;1.9223;1.7618;0.0086;286.8859;241.6721;123.1775;-0.2489;-0.0257;-0.4009;0.0000;
6420;13.96426;14.7685;1.7058;1.8806;355.3052;335.1718;0.9937;True;True;2.1539;1.7762;-0.4070;290.8578;142.9612;340.0615;0.0538;-0.1642;-0.3445;0.0000;True;True;1.9205;1.7606;0.0006;286.6799;242.5228;122.4395;-0.0373;-0.0881;-0.3054;0.0000;
6425;14.03372;14.7745;1.7056;1.8797;354.8531;334.9424;1.2575;True;True;2.1558;1.7722;-0.4132;291.5939;141.5565;339.9890;0.0391;-0.1379;-0.1905;0.0000;True;True;1.9218;1.7561;-0.0050;286.9851;241.0878;123.0350;0.1525;-0.1602;-0.1137;0.0000;
6430;14.10352;14.7781;1.7072;1.8796;354.3638;334.2263;1.5577;True;True;2.1560;1.7700;-0.4159;291.1624;142.8983;338.7811;0.0747;-0.0546;-0.1138;0.0000;True;True;1.9260;1.7537;-0.0046;286.2396;239.2689;123.2206;0.1882;-0.0273;0.1042;0.0000;
6435;14.17329;14.7805;1.7082;1.8795;354.2711;333.8010;1.0059;True;True;2.1566;1.7704;-0.4188;292.1695;140.8189;340.5262;0.0033;0.0395;-0.1176;0.0000;True;True;1.9315;1.7547;-0.0012;284.3432;239.6088;123.1957;0.1873;0.0740;0.1159;0.0000;
6440;14.24261;14.7825;1.7085;1.8791;354.2008;333.9649;0.7194;True;True;2.1545;1.7705;-0.4223;292.2324;140.9223;340.6958;-0.1001;-0.0191;-0.1653;0.0000;True;True;1.9356;1.7552;0.0008;283.3668;235.6406;126.2036;0.0977;0.0169;0.0643;0.0000;
6445;14.31242;14.7839;1.7087;1.8785;354.1768;334.3539;0.6493;True;True;2.1518;1.7692;-0.4261;292.0764;142.7777;339.6516;-0.1139;-0.0824;-0.1880;0.0000;True;True;1.9355;1.7551;0.0016;283.0685;233.7796;127.3625;-0.1204;-0.0050;0.0072;0.0000;
6450;14.38189;14.7848;1.7084;1.8775;354.4081;334.6184;0.5701;True;True;2.1521;1.7665;-0.4299;293.2937;142.3746;340.3073;0.0378;-0.1493;-0.1301;0.0000;True;True;1.9323;1.7546;0.0018;283.5472;233.9814;127.3186;-0.1295;-0.0146;-0.0042;0.0000;
6455;14.45189;14.7851;1.7086;1.8760;354.3342;334.7206;0.4291;True;True;2.1540;1.7623;-0.4312;294.4045;141.2290;341.0493;0.1160;-0.2011;0.0004;0.0000;True;True;1.9282;1.7552;0.0022;283.7887;234.7251;126.6580;-0.1411;0.0637;0.0522;0.0000;
6460;14.52119;14.7847;1.7087;1.8742;354.3408;334.5976;0.4634;True;True;2.1571;1.7596;-0.4302;294.5123;139.3230;343.9990;0.0445;-0.0693;0.0596;0.0000;True;True;1.9265;1.7568;0.0039;283.6551;235.5916;125.2984;-0.0853;0.0688;0.0851;0.0000;
6465;14.59098;14.7828;1.7085;1.8724;354.5094;333.2635;0.4187;True;True;2.1569;1.7583;-0.4285;294.4750;138.5273;344.6803;-0.0509;-0.0262;0.0536;0.0000;True;True;1.9252;1.7577;0.0054;283.5106;235.6305;124.8612;-0.0578;0.0131;0.0510;0.0000;
6470;14.66016;14.7790;1.7092;1.8705;354.8549;331.5254;0.3984;True;True;2.1556;1.7574;-0.4247;294.1985;137.5230;345.1503;-0.0527;-0.0095;0.2508;0.0000;True;True;1.9229;1.7578;0.0070;283.9359;234.4185;125.5398;-0.1421;0.0008;0.0967;0.0000;
6475;14.72994;14.7719;1.7130;1.8693;355.2050;329.7603;0.7815;True;True;2.1542;1.7597;-0.4201;294.1116;136.9919;345.0075;-0.0556;0.1536;0.2476;0.0000;True;True;1.9192;1.7581;0.0126;284.7936;230.6886;126.3638;-0.2311;-0.0183;0.3531;0.0000;
6480;14.79972;14.7571;1.7141;1.8680;354.3680;327.6367;1.2551;True;True;2.1521;1.7648;-0.4085;293.2469;137.1170;344.5410;-0.1470;0.1840;0.6277;0.0000;True;True;1.9065;1.7531;0.0265;284.0469;230.9692;124.1108;-0.7191;-0.3798;0.7140;0.0000;
6485;14.86905;14.7331;1.7077;1.8597;355.8363;325.9886;1.1396;True;True;2.1493;1.7657;-0.3863;293.6185;138.1679;344.3326;-0.1598;-0.0761;1.0353;0.0000;True;True;1.8822;1.7369;0.0514;284.5103;232.8135;121.1995;-1.0905;-0.7516;1.2265;0.0000;
6490;14.93874;14.6991;1.6976;1.8429;355.8679;324.8462;1.0587;True;True;2.1338;1.7575;-0.3528;295.8490;135.5923;344.6012;-0.8407;-0.4683;1.6379;0.0000;True;True;1.8494;1.7188;0.0916;284.5657;234.5327;117.5865;-1.3798;-0.7027;1.7949;0.0000;
6495;15.00837;14.6567;1.6757;1.8171;354.8528;323.5084;1.4862;True;True;2.1041;1.7425;-0.3070;292.1151;138.9240;343.7959;-1.4023;-0.6049;1.8046;0.0000;True;True;1.8138;1.7043;0.1404;285.4473;229.8228;118.7105;-1.4712;-0.4774;2.0393;0.0000;
6500;15.07835;14.6055;1.6559;1.7840;355.6528;322.1080;1.0145;True;True;2.0675;1.7270;-0.2624;293.1883;144.6621;336.8782;-1.4687;-0.6316;1.8787;0.0000;True;True;1.7739;1.6970;0.1931;285.8874;226.1203;120.8321;-1.7198;-0.1032;2.1131;0.0000;
6505;15.14777;14.5470;1.6484;1.7471;355.3705;321.8598;358.5659;True;True;2.0313;1.7128;-0.2120;294.9589;148.3036;335.7399;-1.3526;-0.4283;2.0513;0.0000;True;True;1.7313;1.7019;0.2478;287.4789;222.9897;126.4329;-1.6400;0.4288;2.2744;0.0000;
6510;15.22071;14.4872;1.6567;1.7106;355.4042;322.0400;357.3767;True;True;2.0014;1.7118;-0.1603;298.1699;147.3027;336.5059;-1.1391;0.1657;2.1870;0.0000;True;True;1.6946;1.7207;0.3085;288.9228;221.2582;127.8769;-1.2510;0.8886;2.3972;0.0000;
6515;15.28693;14.4322;1.6769;1.6785;355.2323;320.6122;357.2979;True;True;1.9762;1.7254;-0.1037;299.9205;144.2834;337.2176;-0.9542;0.7562;2.3568;0.0000;True;True;1.6663;1.7457;0.3640;286.7374;210.4380;135.8533;-1.1274;1.0102;2.0613;0.0000;
6520;15.35681;14.3867;1.6989;1.6534;355.0748;317.5772;358.1964;True;True;1.9547;1.7452;-0.0493;297.8565;144.5191;336.3314;-0.7905;0.7582;2.0415;0.0000;True;True;1.6379;1.7695;0.4101;284.6762;208.3164;136.7865;-1.0823;0.8018;1.6644;0.0000;
6525;15.42657;14.3509;1.7116;1.6347;354.7148;315.9696;358.1414;True;True;1.9359;1.7568;-0.0026;297.0073;142.4905;336.2216;-0.7377;0.2487;1.8075;0.0000;True;True;1.6147;1.7771;0.4429;284.7235;205.3701;137.9782;-0.8435;-0.0081;1.1125;0.0000;
6530;15.49623;14.3235;1.7098;1.6208;354.2128;315.7739;359.0139;True;True;1.9164;1.7572;0.0412;294.1367;138.8465;336.8820;-0.7994;-0.1087;1.6819;0.0000;True;True;1.5955;1.7694;0.4657;284.2854;210.1762;131.9589;-0.6631;-0.5582;0.7208;0.0000;
6535;15.56578;14.3050;1.7045;1.6140;355.8218;316.9999;359.8788;True;True;1.9042;1.7548;0.0731;290.8390;142.6776;333.1907;-0.2215;-0.0127;1.0890;0.0000;True;True;1.5834;1.7540;0.4780;283.8595;212.9297;131.3053;-0.3776;-0.5024;0.5099;0.0000;
6540;15.63528;14.2919;1.7085;1.6158;355.9152;319.9201;358.1194;True;True;1.9013;1.7594;0.0892;293.5818;134.9888;338.4398;-0.0988;0.2799;0.4961;0.0000;True;True;1.5829;1.7517;0.4923;284.8920;202.4324;140.2053;0.0939;0.2373;0.7166;0.0000;
6545;15.70502;14.2856;1.7123;1.6215;357.1622;321.9899;358.0661;True;True;1.8956;1.7635;0.0999;291.2944;140.5660;334.9254;-0.2909;0.0368;0.1757;0.0000;True;True;1.5875;1.7592;0.5061;283.8410;201.7346;138.1191;0.3186;0.1367;0.3083;0.0000;
6550;15.77451;14.2848;1.7122;1.6286;357.4555;320.9676;357.4123;True;True;1.8895;1.7594;0.1002;291.3329;142.5671;329.5345;-0.1009;-0.2843;0.0035;0.0000;True;True;1.5964;1.7497;0.4991;284.4795;195.7840;144.2252;0.2534;-0.6212;-0.4721;0.0000;
6555;15.84436;14.2887;1.7027;1.6368;357.5097;319.8011;358.5110;True;True;1.8919;1.7492;0.1038;291.2566;137.2035;330.3198;0.2214;-0.4414;0.3219;0.0000;True;True;1.6003;1.7327;0.4853;284.1326;198.1687;142.4332;0.1442;-0.6867;-0.5728;0.0000;
6560;15.91434;14.2981;1.6937;1.6477;358.8246;319.0988;359.9187;True;True;1.8962;1.7387;0.1068;288.2204;141.2927;326.8047;0.1591;-0.4118;0.0032;0.0000;True;True;1.6053;1.7147;0.4701;286.0218;202.9751;134.9927;0.3024;-0.6727;-0.6323;0.0000;
6565;15.98381;14.3104;1.6948;1.6602;359.4524;319.1229;359.7927;True;True;1.9086;1.7373;0.1086;286.1994;130.7885;336.8704;0.5592;0.2223;-0.1036;0.0000;True;True;1.6162;1.7087;0.4529;285.6652;204.7026;134.2026;0.4920;0.0165;-0.7675;0.0000;
6570;16.05336;14.3221;1.6965;1.6714;359.8029;319.3179;0.9062;True;True;1.9168;1.7475;0.1031;285.5075;128.2188;337.2407;0.2689;0.4048;-0.1219;0.0000;True;True;1.6295;1.7176;0.4347;287.8517;200.4855;136.5791;0.4788;0.5252;-0.7346;0.0000;
6575;16.12295;14.3313;1.6969;1.6817;359.6061;319.6409;0.9577;True;True;1.9239;1.7504;0.1014;284.7272;129.5082;335.7594;0.2773;-0.1736;0.0377;0.0000;True;True;1.6400;1.7265;0.4151;289.7376;202.7352;136.3094;0.4467;0.1336;-0.7703;0.0000;
6580;16.19285;14.3376;1.6957;1.6906;0.1457;319.4627;1.3330;True;True;1.9250;1.7272;0.1149;281.3607;141.5782;327.0123;-0.0931;-1.2891;0.9365;0.0000;True;True;1.6522;1.7164;0.3979;291.5537;202.7810;135.4396;0.5238;-0.7942;-0.7219;0.0000;
6585;16.26229;14.3405;1.6949;1.6969;1.0327;318.8303;0.6214;True;True;1.9286;1.6912;0.1323;283.9399;116.3520;346.3373;0.2744;-1.6624;0.7396;0.0000;True;True;1.6616;1.6868;0.3837;291.8988;206.4975;134.9522;0.2563;-1.4019;-0.3586;0.0000;
6590;16.33138;14.3405;1.6939;1.7017;1.4006;318.9673;0.0369;True;True;1.9356;1.6465;0.1558;288.4678;102.7210;358.5442;0.3629;-1.7348;0.8520;0.0000;True;True;1.6748;1.6425;0.3762;288.4728;233.5238;118.4415;0.7980;-1.9725;-0.2396;0.0000;
6595;16.40075;14.3350;1.6936;1.7064;0.9709;319.4086;0.3582;True;True;1.9421;1.6087;0.1773;294.6069;98.7093;0.0945;0.3498;-1.2513;0.7579;0.0000;True;True;1.7052;1.5978;0.3714;289.2740;260.1691;98.5601;1.4087;-1.6249;-0.0368;0.0000;
6600;16.47021;14.3263;1.6931;1.7112;1.3132;319.9858;0.1149;True;True;1.9461;1.5837;0.2021;302.2382;94.8120;359.3594;0.1084;-0.7378;1.2132;0.0000;True;True;1.7510;1.5651;0.3669;288.4919;294.8386;72.8831;1.8832;-1.0589;-0.2821;0.0000;
6605;16.54019;14.3144;1.6922;1.7185;1.0608;321.2155;-0.0046;True;True;1.9486;1.5769;0.2328;305.3597;93.8542;356.3596;0.1890;-0.0710;1.3766;0.0000;True;True;1.7950;1.5503;0.3579;287.2434;301.5435;73.0464;1.8241;-0.2815;-0.0775;0.0000;
6610;16.60991;14.2998;1.6910;1.7264;0.0241;322.1543;0.2092;True;True;1.9598;1.5869;0.2791;306.3385;94.0573;353.2704;0.6410;0.7200;2.0911;0.0000;True;True;1.8515;1.5584;0.3647;286.0242;316.9070;65.4105;2.4187;0.7528;0.4801;0.0000;
6615;16.67961;14.2910;1.6901;1.7308;0.2715;322.7634;359.3664;True;True;2.0011;1.6062;0.3271;320.0642;94.8435;337.1057;2.8432;0.5867;0.2505;0.0000;True;True;1.9293;1.5886;0.3855;285.6694;348.0481;53.4112;2.8699;1.8926;1.0009;0.0000;
6620;16.7494;14.2927;1.6903;1.7348;1.4042;323.7070;359.6616;True;True;2.0920;1.6078;0.3689;319.5978;107.5253;346.4916;2.3993;-0.2596;1.3244;0.0000;True;True;2.0130;1.5852;0.4395;298.3128;17.4445;16.0312;3.0822;-0.0091;1.7783;0.0000;
6625;16.81846;14.3052;1.6929;1.7405;0.9921;324.1779;359.0567;True;True;2.1131;1.6064;0.3425;327.4693;102.1358;345.5161;-0.4581;0.4969;-1.9058;0.0000;True;True;2.0005;1.5856;0.4438;303.2516;9.5329;24.1346;-1.2717;0.3786;-0.8214;0.0000;
6630;16.88784;14.3286;1.6911;1.7482;359.2443;325.1970;358.7581;True;True;2.0816;1.6084;0.2754;319.1682;103.0285;340.9440;-1.1311;-0.0332;-2.7364;0.0000;True;True;1.9532;1.5904;0.4204;296.6336;2.9816;33.7871;-1.8667;0.3166;-0.7577;0.0000;
6635;16.95763;14.3620;1.6837;1.7578;358.3831;327.3325;0.0110;True;True;2.0540;1.6069;0.1978;313.4951;99.1078;342.0570;-0.9588;-0.0314;-3.3053;0.0000;True;True;1.9049;1.5975;0.3913;295.8161;357.4734;41.4382;-1.7841;0.4284;-1.5175;0.0000;
6640;17.02722;14.4020;1.6814;1.7712;358.3319;329.4055;1.2364;True;True;2.0480;1.6117;0.1114;311.1491;101.1908;339.1170;0.1160;0.3232;-3.2979;0.0000;True;True;1.8651;1.6088;0.3571;288.4863;350.1565;45.3184;-1.3720;0.5861;-1.1352;0.0000;
6645;17.09682;14.4411;1.6896;1.7871;357.3932;330.9846;1.2674;True;True;2.0537;1.6286;0.0334;308.9127;104.1658;342.3412;0.1937;0.9588;-3.0341;0.0000;True;True;1.8334;1.6296;0.3340;289.2209;349.1297;43.7619;-1.3074;0.9546;-0.8428;0.0000;
6650;17.16661;14.4767;1.6939;1.7959;357.4515;332.2892;1.2062;True;True;2.0585;1.6589;-0.0302;304.2561;108.6896;343.7292;0.1485;1.3357;-2.2607;0.0000;True;True;1.8082;1.6573;0.3140;286.9209;334.1911;52.1452;-0.8119;1.1782;-0.8196;0.0000;
6655;17.23636;14.5041;1.7000;1.8015;355.9848;333.2097;2.3681;True;True;2.0574;1.6937;-0.0831;299.0268;116.3739;342.1111;-0.0683;1.3842;-1.8451;0.0000;True;True;1.7847;1.6856;0.2978;285.4315;307.3568;68.7623;-1.0064;1.0726;-0.5520;0.0000;
6660;17.30589;14.5199;1.7052;1.8008;355.0648;330.1519;2.0970;True;True;2.0582;1.7275;-0.1208;294.7888;126.5903;338.1791;0.0977;1.3465;-1.3676;0.0000;True;True;1.7639;1.7095;0.2851;287.3784;286.9066;81.0869;-0.6905;0.9359;-0.4284;0.0000;
6665;17.37533;14.5299;1.7094;1.7965;354.1808;326.7199;2.3520;True;True;2.0663;1.7589;-0.1467;296.1974;125.2909;340.2449;0.2665;1.1856;-1.0068;0.0000;True;True;1.7451;1.7329;0.2791;288.7513;278.1229;84.1043;-0.7656;0.9248;-0.2425;0.0000;
6670;17.44474;14.5393;1.7122;1.7911;352.5075;327.3628;2.6217;True;True;2.0667;1.7823;-0.1695;296.3897;134.6573;332.8020;-0.0537;0.7838;-0.7337;0.0000;True;True;1.7286;1.7544;0.2759;290.6255;273.9758;87.8673;-0.4885;0.7745;-0.1123;0.0000;
6675;17.51471;14.5443;1.7123;1.7834;351.1589;328.1708;2.5536;True;True;2.0634;1.7940;-0.1823;296.6172;141.2847;329.6695;-0.1515;0.2345;-0.4662;0.0000;True;True;1.7268;1.7682;0.2759;287.8133;270.3040;90.5865;0.1189;0.3811;0.0082;0.0000;
6680;17.5845;14.5407;1.7110;1.7737;350.9318;326.8071;0.8282;True;True;2.0585;1.7920;-0.1843;297.2495;141.0546;330.5432;-0.1753;-0.2278;0.1426;0.0000;True;True;1.7274;1.7727;0.2790;285.9713;258.1850;98.1584;-0.0336;0.1202;0.2833;0.0000;
6685;17.65422;14.5301;1.7121;1.7621;350.5250;324.7901;0.3148;True;True;2.0508;1.7827;-0.1757;297.4329;138.4873;333.3304;-0.4452;-0.3615;0.3813;0.0000;True;True;1.7233;1.7751;0.2900;285.9587;260.5594;96.7811;-0.1121;0.0869;0.5201;0.0000;
6690;17.72373;14.5178;1.7141;1.7512;350.0836;324.5352;0.7799;True;True;2.0403;1.7773;-0.1591;294.8118;138.6955;333.2756;-0.3489;-0.0839;0.7659;0.0000;True;True;1.7193;1.7781;0.3055;284.5078;259.9534;96.0705;-0.1978;0.1546;0.6145;0.0000;
6695;17.79369;14.5065;1.7149;1.7423;349.8514;326.0126;0.4260;True;True;2.0295;1.7772;-0.1444;294.2893;134.0914;337.3492;-0.5226;-0.0278;0.4145;0.0000;True;True;1.7120;1.7810;0.3178;283.7021;255.6173;99.3295;-0.3327;0.0751;0.4406;0.0000;
6700;17.86298;14.4963;1.7149;1.7359;349.6779;328.6953;359.7769;True;True;2.0186;1.7761;-0.1365;294.2733;137.4708;332.4942;-0.3914;-0.0466;0.3238;0.0000;True;True;1.6990;1.7805;0.3248;282.7921;249.8295;104.9605;-0.6297;-0.1215;0.1939;0.0000;
6705;17.9328;14.4870;1.7140;1.7313;349.7732;330.7330;359.4858;True;True;2.0100;1.7735;-0.1307;294.6883;136.6639;334.4998;-0.3288;-0.1452;0.1943;0.0000;True;True;1.6852;1.7768;0.3332;284.5816;239.1859;113.7774;-0.4255;-0.1173;0.4697;0.0000;
6710;18.00233;14.4796;1.7127;1.7283;349.7476;331.2939;359.3972;True;True;2.0049;1.7697;-0.1287;294.6428;135.4998;336.2681;-0.1064;-0.1719;0.0371;0.0000;True;True;1.6765;1.7756;0.3493;283.4070;243.3955;109.2745;-0.2888;-0.0300;0.6765;0.0000;
6715;18.07231;14.4763;1.7106;1.7270;350.2466;331.7506;359.0727;True;True;2.0035;1.7669;-0.1314;294.7339;135.8124;336.7833;0.0087;-0.0776;-0.2156;0.0000;True;True;1.6736;1.7751;0.3629;282.0832;254.9953;97.5592;0.0199;-0.0558;0.3809;0.0000;
6720;18.14161;14.4765;1.7098;1.7266;350.7357;331.4073;359.4572;True;True;2.0050;1.7697;-0.1364;294.0317;137.7534;337.3375;0.1028;0.2579;-0.3787;0.0000;True;True;1.6736;1.7715;0.3656;281.5070;258.4978;92.7319;0.0050;-0.2004;-0.0709;0.0000;
6725;18.21167;14.4790;1.7159;1.7285;350.1711;329.8596;0.1462;True;True;2.0112;1.7789;-0.1503;296.0934;141.7367;332.8514;0.3556;0.4068;-0.4925;0.0000;True;True;1.6720;1.7694;0.3619;282.6745;256.0166;93.3467;-0.0762;-0.0037;-0.2031;0.0000;
6730;18.28068;14.4810;1.7172;1.7316;349.5515;328.1620;359.9823;True;True;2.0201;1.7864;-0.1620;296.9166;142.0549;333.9820;0.3569;0.2171;-0.4901;0.0000;True;True;1.6710;1.7703;0.3591;283.8372;257.1921;91.9897;0.0418;0.0224;-0.0514;0.0000;
6735;18.3507;14.4853;1.7147;1.7359;349.8390;327.9503;0.5463;True;True;2.0301;1.7879;-0.1732;297.3392;143.2427;334.9488;0.3761;-0.0439;-0.5101;0.0000;True;True;1.6738;1.7693;0.3574;282.8628;264.0098;85.6686;0.1241;-0.1131;-0.1505;0.0000;
6740;18.41991;14.4900;1.7127;1.7405;350.3918;328.3351;0.8791;True;True;2.0380;1.7866;-0.1864;299.7506;141.7992;335.2179;0.2424;-0.0418;-0.4818;0.0000;True;True;1.6762;1.7638;0.3522;283.7177;258.8676;88.9860;0.0745;-0.2271;-0.2018;0.0000;
6745;18.48985;14.4938;1.7122;1.7443;350.1819;327.9573;1.3926;True;True;2.0425;1.7864;-0.1947;300.1039;143.9296;333.6508;0.1373;0.0088;-0.1835;0.0000;True;True;1.6766;1.7600;0.3478;284.4548;257.8600;89.5605;-0.0072;-0.0606;-0.1072;0.0000;
6750;18.55914;14.4958;1.7122;1.7474;350.3241;326.9645;1.2173;True;True;2.0465;1.7854;-0.1973;299.8269;144.7426;332.7186;0.1889;-0.0870;-0.0408;0.0000;True;True;1.6802;1.7596;0.3473;284.5434;263.7706;84.8880;0.2521;-0.0041;0.0105;0.0000;
6755;18.62924;14.4964;1.7126;1.7502;350.4303;325.4740;0.9398;True;True;2.0490;1.7802;-0.1924;299.3046;145.4553;332.5995;0.0405;-0.2695;0.4189;0.0000;True;True;1.6877;1.7583;0.3460;283.7159;266.8466;82.1869;0.3359;-0.1107;-0.1233;0.0000;
6760;18.69867;14.4958;1.7129;1.7535;350.6496;324.0554;1.1036;True;True;2.0515;1.7742;-0.1832;297.2859;145.7224;333.1363;0.1418;-0.2176;0.3303;0.0000;True;True;1.6986;1.7567;0.3433;282.3502;261.7194;86.5870;0.4310;-0.0213;-0.0895;0.0000;
6765;18.76763;14.4943;1.7111;1.7568;351.9036;322.7787;0.2980;True;True;2.0547;1.7696;-0.1760;297.3047;142.3245;335.0749;0.1094;-0.1518;0.2527;0.0000;True;True;1.7071;1.7571;0.3405;281.6087;261.2589;88.2100;0.3196;0.0383;-0.0828;0.0000;
6770;18.83755;14.4954;1.7094;1.7619;353.0036;324.2510;0.2214;True;True;2.0549;1.7659;-0.1721;297.0485;141.5698;335.4866;-0.0578;-0.1372;0.0913;0.0000;True;True;1.7129;1.7566;0.3391;281.1190;257.7898;91.4392;0.2116;-0.0898;-0.0723;0.0000;
6775;18.90717;14.5001;1.7083;1.7696;353.7598;328.5709;0.2990;True;True;2.0526;1.7621;-0.1727;296.4082;143.5882;334.1458;-0.0937;-0.1660;-0.0932;0.0000;True;True;1.7159;1.7533;0.3385;280.6930;252.8874;95.1880;0.0905;-0.1496;-0.0221;0.0000;
6780;18.9773;14.5075;1.7090;1.7768;354.5020;334.0948;0.2499;True;True;2.0526;1.7588;-0.1774;297.2942;143.8332;333.9029;0.0562;-0.1116;-0.1945;0.0000;True;True;1.7143;1.7498;0.3413;280.4047;252.0831;95.8055;-0.1263;-0.1001;0.2027;0.0000;
